FZFAKZ,"Fogger 80V 10L 6.0Ah, Blower with pump, 3A charger"
FZSAAA,3.6V Handheld Spray Gun set
FZSAAB,7.2V Handheld Spray Gun SET
FZSAAC,FZSAAC Lil' Squirt™..3.6V 5LGarden Sprayer
FZSAAE,"FZSAAE, Shower™..3.6V 15L with Trolley"
FZSAAF,"FZSAAF, Shower Max™..7.2V 15L with Trolley"
FZSAAG,"18V, 2.5G, w/o trolley, 2.6Ah, Std. Pump, 1A Charger"
FZSAAH," 4G/15L, 18V/2.6Ah, Std. Pump, 1A Charger"
FZSAAJ,"18V, 4G/15L, 2.6Ah, Std. Pump, 1A Charger, Series 2"
FZSAAK,"4G/15L, 18V /5.2Ah, Large Pump, 21V/3A Charger, SERIES 2"
FZSACE,Silica Slayer 4.0G..Based on FZSAAK Model
FZSACF,"FZSACF-2, Silica Slayer™ 9.0 Gallon.."
FZSACR,"Silica Slayer 18V 15L, w/o trolley, 2.6Ah, Std. Pump, 1A Charger"
FZSACW,"18V 15L w/o trolley, 5.2Ah, Std. Pump, 3A Charger"
FZSADC,"1 Liter Spray Bottle, 3.6V"
FZVAAG,"18V 10L variable speed, 2.6Ah, Std. Pump, 1A Charger, Storm 2V"
FZVAAJ,"Variable speed, 18V, 4G, w/o trolley, 2.6Ah, Std. Pump, 1A Charger"
FZVAAK,"18V 15L Variable Speed, 5.2Ah, Large Pump, 3A Charger, Typhoon V2"
FZVABN,"9 Gallon Variable, 5.2Ah, Large Pump"
FZVACE,"Silica Slayer 18V Variable Speed, 15L, 5.2Ah, Large Pump, 3A Charger"
FZVACF,"FZVACF-2, Silica Slayer™ 9.0 Gallon Variable.."
FZAAAP,Quick-connect Jet Nozzle
FZAAAQ,Quick-connect Fan Nozzle
FZAAAR,Metal Adjustable Nozzle (Higher Pressure)
FZAAAW,"Battery Pack- Black..18V, 2.6Ah"
FZAAAX,"Battery Pack- Black..18V, 5.2Ah"
FZAAAY,"18V, 3A Quick Charger - Black"
FZAAAZ,Trolley Kit w/ 6m Hose (Higher Pressure)
FZAABC,Trolley for FZ*AAJ/K
FZAABD,Fan Nozzle (Lower Pressure)
FZAABG,"18v, 1A Standard Charger- Black"
FZAACC,Concrete Adapter. Rel. 1
FZAACG,FOAMING NOZZLE WITH 32 OZ. BOTTLE
FZAACQ,Silica Slayer Trolly with 20' GHT-GHT Hose (Series 1)
FZAACV,Silica Slayer Trolley (Hose not included)
FZAADA,20'/6m Black Extension Hose with Bend Protection
FZAADL,Quick Connect Female  Adapter for T Jet Threaded Nozzle
FZAAEL,"Quick Charger - Black, 21V, 2.5A  FZSAAK/BN series 2"
FZAAEM,"Battery Pack- Black  18V, 5.2Ah for FZSAAK/BN Series 2"
FZAAEN,"Battery Pack- Black  18V, 2.6Ah for FZSAAG/H/J Series 2"
FZAAEP,"Standard Charger- Black, 21v, 1A  for FZSAAJ Series 2"
FZAAET,Quick Connect  Male Adapter for T Jet Threaded Nozzle
FZAAFM,Double Fan Nozzle (Lower Pressure)
FZAAGD,Vest Straps for FZSAAJ/K
FZAAGE,Vest Straps for FZSAAG Types
FZAAGH,Blue 110 Micron Cone Nozzle
FZAAHY,Brass M18 Male to M18 Female Adapter
FZAAJC,"Battery Pack- Black  7.2V, 4.0Ah for all FZ Brand Handheld Sprayer Guns incl. X-Stream Clean and SprayMate"
FZAAKM,"Dripless Wand Accessory, SS"
FZAAKU,"M18 Male to 1/4"" NPT Female"
FZAALS,"Wand, 6ft, Brass, QC, 45* Bend"
FZAALT,"Wand, 8ft, Brass, QC, 45* Bend"
FZAALV,"Nozzle, 5 in 1, QC"
FZRAAS,"18"" Stainless Steel Wand for FZSAAJ/K"
FZRAAV,20'/6m Black Replacement Hose with Bend Protection for FZVABN-2
FZRABF,Tank for FZSAAE
FZRABJ,"3.6V, 1A Battery Charger"
FZRABH,Wand Holster Kit for FZSAAJ/K (Green)
FZRABK,7.2V Charger
FZRABU,Tank Cap/Hose for FZSAAE
FZRABV,Spray Gun for FZSAAJ/K
FZRABW,Input Filter for FZSAAG/J/K
FZRABX,Std. Pump for FZSAAJ
FZRABZ,FZSAAJ/K Battery Door
FZRACA,Wand holder for FZSAAC
FZRACH,Bottom Wand Holster
FZRACJ, 5'/1.5m GHT/GHT Black Nylon Hose with Bend Protection
FZRACK,Tank Lid Viton Gasket  Slayer units- GHT
FZRACL,Tank Output Viton Gasket  Slayer units- GHT
FZRACM,Stainless Steel Pump Inlet Filter for J-Type Sprayer
FZRACN, GHT Spray Gun
FZRACP,20'/6m GHT/GHT Black Nylon Hose with Bend Protection
FZRACS,"TBD, FZRACS, Silica Slayer Top/Bottom Wand Holster- GREY"
FZRACU,Silica Slayer Grey Tank Lid
FZRACX,FlowZone Green Tank Lid for FZSAAJ/K/G/H
FZRACY,Replacement gun for FZSAAA
FZRACZ,Replacement gun for FZSAAB
FZRADE,Replacement handle with the storage compartment
FZRADF,Hose bracket for Silica units
FZRADG,Green replacement wand holders (top and bottom) hardware for FlowZone
FZRADH,Black replacement wand holders (top and bottom) hardware for Silica Slayer
FZRADJ,2X replacement wheel/cotter pin/hub.
FZRADK,"21"" Carbon fiber wand for FZSAAH sprayer.."
FZRADN,Standard Pressure Dual Speed RL ASSEMBLY
FZRADR,Heavy Pressure Dual Speed Pump RL ASSEMBLY
FZRADS,Input Filter for FZSAAE
FZRAEC,Pump Inlet Filter with hose for 9 gallon sprayers
FZRAED, Backpack/Chest Straps w/ Stainless steel clips Series 2
FZRAEG,FZSAAJ/K Battery Door Cover SERIES 2
FZRAEH,FlowZone Green Tank Lid for FZSAAK/J Series 2
FZRAEJ,Top Wand Holster for FZSAAK/FZSAAJ Series 2..
FZRAEK,Bottom Wand Holster for FZSAAK/FZSAAJ Series 2..
FZRAER,Standard Pressure Variable Speed Pump RL ASSEMBLY
FZRAES,Heavy Pressure Variable Speed Pump LR ASSEMBLY
FZRAEU,"8"" Nylon GHT Starter-Hose (Series 2, Flo-Stop).."
FZRAEV,"Clamps and screws for 8"" GHT Jumper hose ""Silica"".."
FZRAEX,Heavy Pressure Dual Speed Pump LR ASSEMBLY
FZRAEY,Heavy Pressure Variable Speed Pump RL ASSEMBLY
FZRAEZ,Standard Pressure Dual Speed Pump LR ASSEMBLY
FZRAFC,Heavy Pressure DUAL SPEED Pump LR
FZRAFD,STANDARD Pressure DUAL SPEED Pump
FZRAFE,Heavy Pressure DUAL SPEED Pump LR
FZRAFF,High/ Dual pressure pump only
FZRAFG,STANDARD/DUAL PRESSURE PUMP CIRCUIT BOARD FZSAAG/J- SERIES 2
FZRAFH,HIGH/DUAL PRESSURE PUMP CIRCUIT BOARD FZSAAK-BN SERIES 2
FZRAFI,Circuit Board for Cyclone 2V and 2.5
FZRAFJ,Circuit Board for Typhoon 2V and 2.5
FZRAFL,1.5m Black Hose w/ bend relief
FZRAFN,9 Gallon Wheels (set)
FZRAFO,9 Gallon Handle and Compartment kit
FZRAFP,Hose gasket (FZRAFL)
FZRAFQ,Standard Pressure Variable Speed Pump LR ASSEMBLY
FZRAFT,Replacement Microswitch for pump pressure switch
FZRAFY,Viton Seal for FZRABV spray gun
FZRAGF,2019 Epoxy Circuit Board for Cyclone 2V w/ white connector
FZRAGG,2019 Epoxy Circuit Board for Typhoon 2V w/ white connector
FZRAGJ,Stainless Steel Pump Inlet Filter for X-Stream Clean 2.5G Type Sprayer
FZRAGK,Stainless Steel Pump Inlet Filter for K-Type Sprayer
FZRAGL,Stainless Steel Pump Inlet Filter for G/H-Type Sprayers
FZRAGM,Stainless Steel Pump Inlet Filter for 35L Sprayers
FZRAGO,"18.5"" Carbon fiber wand for FZSAAG sprayer.."
FZRAGS,2-speed power switch for Series 2 sprayer
FZRAGT,Replacement waterproof Microswitch for pump pressure switch
FZRAGU,Replacement tank for J/K sprayer
FZAAHM,Handle locking nuts for 35 liter/9 Gallon (Black)
FZRAHP,204015
FZRAHZ,Replacement Gun Seal Mechanism Kit for FZRABV or XCRAGY Viton Seal Gun.
FZRAJA,Green Battery Holster w/ Battery Clips for J/K Sprayers
FZRAJB,Green Cover Plate for J/K Sprayers
FZRAJD,Pump Repair Kit-Standard Pump
FZRAJE,Pump Repair Kit-Large Pump
FSAAFK,(1) GreenFire 2.5 Gallon Solution
FSAAFX,2-Pack GreenFire 2.5 Gallon Solution
FSAAGP,FZVAAG-2 sold with (1) 2.5 gallon FZSAAFK GreenFire
FSAAGQ,FZVAAK-2 sold with (1) FZSAAFX GreenFire 2-pack
FSAAGR,FZVABN-2 sold with (2) FZSAAFX GreenFire 2-pack's
FZAADT,Standard Fiber wand 70cm w/ Viton seal
FZAADU,Fiber wand 70cm w/ EPDM seal ....
FZAADV,Fiber wand 80cm w/Viton seal....
FZAADW,Telescopic wand 5m/16.5'..Requires FZAAHY Adapter....
FZAADX,GA Nozzle ....
FZAADY, Yellow Fan Nozzle ......
FZAADZ,Flat Spray Nozzle ........
FZAAEA,Four Output Nozzle ..........
FZAAFW,GREEN 110 DEG NOZZLE
FZAAFY,Green Optima Foaming Nozzle (REF 877)
FZAAFZ,2 NOZZLE BOOM
FZAAGA,2 NOZZLE BOOM EXTENDABLE
FZAAGB,4 NOZZLE BOOM
PZPALC,"Prunz Shears, 14.4V, (1) 2.5Ah Battery"
PZPALD,"Prunz Shears, 14.4V, (2) 2.5Ah Batteries"
PZPALE,Prunz Shear Battery
PZAALF,Prunz Shear Battery Charger
PZRALW,Prunz Shear Blade
PZRALX,Prunz Shear Counter Blade
SMSAAB,7.2V SprayMate™..Handheld Spray Gun Set
SMSAAC,SMSAAC SprayMate Lil' Squirt™..3.6V 5LGarden Sprayer
SMSAAF,"SMSAAE, SprayMate Shower Max™..7.2VV 15L with Trolley"
SMSAAG,"18V, 2.5G, w/o trolley, 2.6Ah, Std. Pump, 1A Charger SERIES 2"
SMSAAH," 4 Gallon, 18V/2.6Ah, Std. Pump, 1A Charger,  w/o trolley"
SMAABB,"SprayMate Adjustable Nozzle for 11/16"" Wand Threads"
SMRABE,Coil Hose - 2m
SMRABJ,"3.6V, 1A Battery Charger"
SMRABK,7.2V Charger
SMRABS,SS Wand for SMSAAA/C
SMRABT,In-line gun for SM*AAG/H
SMRACY,Replacement gun for SMSAAC
SMRACZ,Replacement gun for SMSAAF
SMRADP,8FT. GREEN HOSE FOR FZSAAA AND FZSAAB KITS
SMRAHF,Replacement lid for SM*AAG/H
SMRAHG,"SprayMate Wand Holster (Top, Bottom and Hardware) for SM*AAG and SM*AAH"
SMRAHJ,Cart Handle for SMSAAF..
SMRAHK,Backpack Straps for SMSAAF
SMRAHL,"18"" SS Wand for SMSAAB/F"
SMRALO,"Hose, 5ft, None, Threaded, White"
XCEAHV,X-Stream Clean 1-Liter Electrostatic Sprayer Complete
XCEAHX,X-Stream Clean 2.5G/10L Electrostatic Sprayer Complete
XCMADD,7.2V Commercial Backpack Mop
XCSAGA,"18V, Recirc. Pump,  2.5G/10L, 5.2Ah, Large Pump, 3A Charger SERIES 2-PRO, SS"
XCVAAG,"18V, Large Recirc. Pump, 5-Position Variable Pressure, 2.5G/10L, 5.2Ah, 3A Charger SERIES 2-PRO, SS Gun, 40/80/120µ SS Nozzles"
XCVAAK,"18V, Large Recirc. Pump, 5-Position Variable Pressure, 4.0G/15L, 5.2Ah, 3A Charger, SS Gun, 40/80/120µ SS Nozzles"
XCVABN,"18V, Large Recirc. Pump, 5-Position Variable Pressure, 9.0G/35L, 5.2Ah, 3A Charger, SS Gun, 40/80/120µ SS Nozzles"
XCAAGN,X-Stream Clean SS 80 Micron QC Cone Nozzle
XCAAGX,X-Stream Clean SS 40 Micron QC Cone Nozzle
XCAAHQ,X-Stream Clean SS 120 Micron QC Cone Nozzle
XCAAHT,X-Stream Clean Electrostatic Spray Gun..(Nozzle not included)
XCAAJG,ESS Nozzle Wrench Tool
XCAAJM,Mop 7.2V Battery Charger
XCAAJN,Mop 7.2V/4.0Ah Battery
XCRAGV,X-Stream Clean blue replacement lid
XCAAJU,Mop Nozzle (65 Deg. Fan/Stainless Steel)
XCAAJW,"18"" Microfiber Pad"
XCRAGW,X-Stream Clean large recirculating pump w/ 2-speed Circuit Board
XCAAJX,"24"" Microfiber Pad"
XCAAJY,"36"" Microfiber Pad"
XCAAJZ,"44"" Microfiber Pad"
XCAAKA,"18"" Mop Plate with Connector"
XCAAKB,"24"" Mop Plate with Connector"
XCAAKC,"36"" Mop Plate with Connector"
XCAAKD,"44"" Mop Plate with Connector"
XCRAKE,Mop Pole Handle
XCAAKF,X-Stream Clean threaded SS 40 micron nozzle
XCAAKG,X-Stream Clean threaded SS 80 micron nozzle
XCAAKH,X-Stream Clean threaded SS 120 micron nozzle
XCAAKJ,ESD Foot Grounding Strap
XCAAKK,"X-Stream Clean ComfortStrap backpack straps for 2.5G ESS, incl. gun strap"
XCAALA,X-Stream Clean Mop Gun Spray Wand
XCRAGY,X-Stream Clean Stainless Steel Spray Gun
XCRAGZ,X-Stream Clean 5' Hose with SS Fittings
XCRAHA,"X-Stream Clean Blue Wand Holster Kit (Top , Bottom, and Hardware)"
XCRAHB,X-Stream Clean SS Wand with SS Fittings
XCRAHC,X-Stream Clean 2.5G/10L Replacement Tank
XCRAHD,X-Stream Clean 4.0G/15L Replacement Tank
XCRAHH,X-Stream Clean large recirculating pump w/ Variable-speed Circuit Board
XCRAJF,Volt 2.5 ESS Replacement Pump Motor
XCRAJH,Volt 2.5 Pump Hose and Electrical Cable Replacement
XCRAJK,Volt 2.5 DC Voltage Converter
XCRAJL,Volt 2.5 Replacement Tank
XCRAJP,Mop Gun
XCRAJQ,Mop Tank (1.5G/6L)
XCRAJR,Mop Hose
XCRAJS,Mop Tank Lid
XCRAJT,Mop Backpack Straps
XCRAKL,2.5G ESS Internal tank electrical pigtail
XCRAKV,1L ESS Hip Strap
XCRAKW,1L ESS Shoulder Strap
XCRAKX,Mop Hose O-ring
XCRAKY,Mop Pole Handle O-ring
XCRALB,"Tank, 1L, ESS"
XCRALG,"Pump, Recirculating, 1L ESS"
XCRALH,"Lid, 1L ESS, Xstream Clean Blue"
XCRALI,"Seal, Lid, 1L ESS"
XCRALJ,"Filter, Pump Inlet, 1L ESS"
XCRALK,"Cover, Battery, 1L ESS"
XCRALL,"Kit, Seal, 1L ESS"
XCRALM,"Switch, 2 Position, Red LED"
XCRALN,"Hose, 5ft Reversible, Threaded, ESS"
XCRALP,"Holster Kit, ESS Gun, 2.5G, XC Blue"
FZRAMF,"Green Cover Plate for K/Typhoon Series 2.5, variable speed, includes dial"

